Trial.ordinal,Trial.onset,Trial.offset,Trial.Number,
0,259182,263772,"1",
1,264248,271422,"2",
2,272476,277372,"3",
3,278222,287708,"4",
4,289952,293658,"5",
5,294780,297568,"6",
6,299166,303824,"7",
7,360944,365024,"8",
8,365908,370736,"9",
9,371688,376278,"10",
10,377638,380800,"11",
11,382772,387702,"12",
12,389742,394502,"13",
13,396984,400452,"14",
14,455022,461856,"15",
15,463216,468248,"16",
16,469336,479502,"17",
17,481032,484806,"18",
18,486132,490042,"19",
19,492558,496196,"20",
20,497726,501126,"21",
21,545530,552636,"22",
22,553826,562258,"23",
23,563890,565862,"24",
24,567698,571098,"25",
25,573376,576096,"26",
26,577626,580210,"27",
27,581842,583644,"28",
